page path;publishDate;cq:lastModified;cq:styleIds;linkItems;listFrom;maxItems;maxOnPageItems;orderBy;pages;paginationType;parentPage;childDepth;rss;showDescription;showEyebrow;showImage;showModificationDate;sortOrder;tags;tagsMatch;tagsSearchRoot
/content/usta-foundation/en/home/news/mackenzie-mcdonald-celebrates-the-launch-of-the-usta-foundation-;;2026-05-06T15:10:02.727Z;list-horizontal-layout, min-3-columns, max-3-columns;TRUE;children;3;9;modified;;more;/content/usta-foundation/en/home/news;2;FALSE;TRUE;FALSE;TRUE;TRUE;asc;;any;/content/usta-foundation/en/home/news
/content/usta-foundation/en/home/news/frances-tiafoe-awards-njtl-alumnus-with-college-scholarship;;2026-05-06T15:12:51.373Z;list-horizontal-layout, min-3-columns, max-3-columns;TRUE;tags;3;9;modified;;more;/content/usta-foundation/en/home/news;2;FALSE;TRUE;FALSE;TRUE;TRUE;desc;usta:categories/about-usta/who-we-are/usta-foundation;any;/content/usta/en/home/stay-current/national
/content/usta-foundation/en/home/news/usta-foundation-chris-evert-honored-itf-commitment-award;;2026-05-06T15:08:43.835Z;list-horizontal-layout, min-3-columns, max-3-columns;TRUE;children;3;9;modified;;more;/content/usta-foundation/en/home/news;2;FALSE;TRUE;FALSE;TRUE;TRUE;asc;;any;/content/usta-foundation/en/home/news
/content/usta-foundation/en/home/news/usta-foundation-to-honor-andre-agassi-with-serving-up-dreams-awa;;2026-05-06T15:12:39.684Z;list-horizontal-layout, min-3-columns, max-3-columns;TRUE;children;3;9;modified;;more;/content/usta-foundation/en/home/news;2;FALSE;TRUE;FALSE;TRUE;FALSE;desc;;any;/content/usta-foundation/en/home/news
/content/usta-foundation/en/home/news/njtl-student-athlete-ata-national-championships;;2026-05-06T15:07:07.919Z;list-horizontal-layout, min-3-columns, max-3-columns;TRUE;children;3;9;modified;;more;/content/usta-foundation/en/home/news;2;FALSE;TRUE;FALSE;TRUE;TRUE;asc;;any;/content/usta-foundation/en/home/news
/content/usta-foundation/en/home/news/espn-chris-mckendry-supports-usta-foundation;;2026-05-06T15:03:02.181Z;list-horizontal-layout, min-3-columns, max-3-columns;TRUE;children;3;9;modified;;more;/content/usta-foundation/en/home/news;2;FALSE;TRUE;FALSE;TRUE;TRUE;asc;;any;/content/usta-foundation/en/home/news
/content/usta-foundation/en/home/news/2026-usta-foundation-opening-night-gala-provides-young-people-wi;2026-09-01T00:00:00.000-04:00;2026-09-01T17:16:15.768Z;list-horizontal-layout, min-4-columns, max-4-columns;TRUE;tags;4;9;modified;;more;/content/usta-foundation/en/home/news;2;FALSE;TRUE;FALSE;TRUE;TRUE;asc;usta:categories/about-usta/usta-foundation;any;/content/usta-foundation/en/home/news
/content/usta-foundation/en/home/news/usta-foundation-rally-to-rebuild-campaign;;2026-05-06T15:09:06.243Z;list-horizontal-layout, min-3-columns, max-3-columns;TRUE;children;3;9;modified;;more;/content/usta-foundation/en/home/news;2;FALSE;TRUE;FALSE;TRUE;TRUE;asc;;any;/content/usta-foundation/en/home/news
/content/usta-foundation/en/home/news/chris-evert-honored-espys-usta-foundation-work;;2026-05-06T15:07:55.491Z;list-horizontal-layout, min-3-columns, max-3-columns;TRUE;children;3;9;modified;;more;/content/usta-foundation/en/home/news;2;FALSE;TRUE;FALSE;TRUE;TRUE;asc;;any;/content/usta-foundation/en/home/news
/content/usta-foundation/en/home/news/usta-foundation-announces-chris-evert-chair;;2026-05-06T15:07:19.060Z;list-horizontal-layout, min-3-columns, max-3-columns;TRUE;children;3;9;modified;;more;/content/usta-foundation/en/home/news;2;FALSE;TRUE;FALSE;TRUE;TRUE;asc;;any;/content/usta-foundation/en/home/news
/content/usta-foundation/en/home/news/clervie-ngounoue-wins-first-junior-grand-slam-australian-open;;2026-05-06T15:08:07.432Z;list-horizontal-layout, min-3-columns, max-3-columns;TRUE;children;3;9;modified;;more;/content/usta-foundation/en/home/news;2;FALSE;TRUE;FALSE;TRUE;TRUE;asc;;any;/content/usta-foundation/en/home/news
/content/usta-foundation/en/home/news/robin-montgomery-wimbledon-debut;;2026-05-06T15:05:50.657Z;list-horizontal-layout, min-3-columns, max-3-columns;TRUE;children;3;9;modified;;more;/content/usta-foundation/en/home/news;2;FALSE;TRUE;FALSE;TRUE;TRUE;asc;;any;/content/usta-foundation/en/home/news
/content/usta-foundation/en/home/news/usta-foundation-chairperson-chris-evert-announces-cancer-free;;2026-05-06T15:08:54.824Z;list-horizontal-layout, min-3-columns, max-3-columns;TRUE;children;3;9;modified;;more;/content/usta-foundation/en/home/news;2;FALSE;TRUE;FALSE;TRUE;TRUE;asc;;any;/content/usta-foundation/en/home/news
/content/usta-foundation/en/home/news/frances-tiafoe-presents-check-to-jtcc;;2026-05-06T15:04:10.745Z;list-horizontal-layout, min-3-columns, max-3-columns;TRUE;children;3;9;modified;;more;/content/usta-foundation/en/home/news;2;FALSE;TRUE;FALSE;TRUE;TRUE;asc;;any;/content/usta-foundation/en/home/news
/content/usta-foundation/en/home/news/usta-foundation-partners-with-chase-to-award-over--250-000-to-he;2026-07-08T00:00:00.000-04:00;2026-07-09T14:15:03.252Z;list-horizontal-layout, min-4-columns, max-4-columns;TRUE;tags;4;9;modified;;more;/content/usta-foundation/en/home/news;2;FALSE;TRUE;FALSE;TRUE;TRUE;asc;usta:categories/about-usta/usta-foundation;any;/content/usta-foundation/en/home/news
/content/usta-foundation/en/home/news/desert-smash-brings-together-hollywood-and-pro-tennis-to-benefit;;2026-05-06T15:14:53.469Z;list-horizontal-layout, min-3-columns, max-3-columns;TRUE;children;3;9;modified;;more;/content/usta-foundation/en/home/news;2;FALSE;TRUE;FALSE;TRUE;TRUE;asc;;any;/content/usta-foundation/en/home/news
/content/usta-foundation/en/home/news/usta-foundation-scholarship-recipients-meet-billie-jean-king-at-;;2026-05-06T15:13:28.001Z;list-horizontal-layout, min-3-columns, max-3-columns;TRUE;tags;3;9;modified;;more;/content/usta/en/home/stay-current/national;2;FALSE;TRUE;FALSE;TRUE;TRUE;desc;usta:categories/about-usta/usta-foundation;any;/content/usta/en/home/stay-current/national
/content/usta-foundation/en/home/news/usta-foundation-announces-new-advisory-board-members;;2026-05-06T15:11:31.693Z;list-horizontal-layout, min-3-columns, max-3-columns;TRUE;children;3;9;modified;;more;/content/usta-foundation/en/home/news;2;FALSE;TRUE;FALSE;TRUE;TRUE;asc;;any;/content/usta-foundation/en/home/news
/content/usta-foundation/en/home/news/usta-foundation-scholarship-recipients-meet-billie-jean-king-at-0;2026-09-04T00:00:00.000-04:00;2026-09-04T16:00:36.101Z;list-horizontal-layout, min-4-columns, max-4-columns;TRUE;tags;4;9;modified;;more;/content/usta-foundation/en/home/news;2;FALSE;TRUE;FALSE;TRUE;TRUE;asc;usta:categories/about-usta/usta-foundation;any;/content/usta-foundation/en/home/news
/content/usta-foundation/en/home/news/jinjie-ling-dwight-f-davis-memorial-scholarship;;2026-05-06T15:06:20.582Z;list-horizontal-layout, min-3-columns, max-3-columns;TRUE;children;3;9;modified;;more;/content/usta-foundation/en/home/news;2;FALSE;TRUE;FALSE;TRUE;TRUE;asc;;any;/content/usta-foundation/en/home/news
/content/usta-foundation/en/home/news/frances-tiafoe-fund-surpasses--1-million-raised;2026-07-23T00:00:00.000-04:00;2026-07-28T14:45:54.991Z;list-horizontal-layout, min-4-columns, max-4-columns;TRUE;children;4;9;modified;;more;/content/usta-foundation/en/home/news;2;FALSE;TRUE;FALSE;TRUE;TRUE;asc;;any;/content/usta-foundation/en/home/news
/content/usta-foundation/en/home/news/usta-foundation-teams-up-with-la-roche-posay-for-events-at-selec;;2026-05-06T15:10:13.353Z;list-horizontal-layout, min-3-columns, max-3-columns;TRUE;children;3;9;modified;;more;/content/usta-foundation/en/home/news;2;FALSE;TRUE;FALSE;TRUE;TRUE;asc;;any;/content/usta-foundation/en/home/news
/content/usta-foundation/en/home/news/inaugural-usta-foundation-impact-conference;;2026-05-06T15:03:30.248Z;list-horizontal-layout, min-3-columns, max-3-columns;TRUE;children;3;9;modified;;more;/content/usta-foundation/en/home/news;2;FALSE;TRUE;FALSE;TRUE;TRUE;asc;;any;/content/usta-foundation/en/home/news
/content/usta-foundation/en/home/news/evert-speaks-on-rally-to-rebuild;;2026-05-06T15:09:41.131Z;list-horizontal-layout, min-3-columns, max-3-columns;TRUE;children;3;9;modified;;more;/content/usta-foundation/en/home/news;2;FALSE;TRUE;FALSE;TRUE;TRUE;asc;;any;/content/usta-foundation/en/home/news
/content/usta-foundation/en/home/news/women-s-history-month-2026--how-two-community-impact-hub-leaders;2026-03-25T00:00:00.000-04:00;2026-05-06T15:15:30.017Z;list-horizontal-layout, min-3-columns, max-3-columns;TRUE;tags;3;9;modified;;more;/content/usta-foundation/en/home/news;2;FALSE;TRUE;FALSE;TRUE;TRUE;asc;usta:categories/about-usta/usta-foundation;any;/content/usta-foundation/en/home/news
/content/usta-foundation/en/home/news/laver-cup-launches-2025-san-francisco-community-legacy-project-w;;2026-05-06T15:12:29.068Z;list-horizontal-layout, min-3-columns, max-3-columns;TRUE;children;3;9;modified;;more;/content/usta-foundation/en/home/news;2;FALSE;TRUE;FALSE;TRUE;TRUE;asc;;any;/content/usta-foundation/en/home/news
/content/usta-foundation/en/home/news/mississippi-njtl-family-biz-builder;;2026-05-06T15:08:22.877Z;list-horizontal-layout, min-3-columns, max-3-columns;TRUE;children;3;9;modified;;more;/content/usta-foundation/en/home/news;2;FALSE;TRUE;FALSE;TRUE;TRUE;asc;;any;/content/usta-foundation/en/home/news
/content/usta-foundation/en/home/news/usta-foundation-launches-community-impact-hub-initiative;;2026-05-06T15:13:17.204Z;list-horizontal-layout, min-3-columns, max-3-columns;TRUE;tags;3;9;modified;;more;/content/usta/en/home/stay-current/national;2;FALSE;TRUE;FALSE;TRUE;TRUE;desc;usta:categories/about-usta/who-we-are/usta-foundation;any;/content/usta/en/home/stay-current/national
/content/usta-foundation/en/home/news/kings-county-tennis-league-nominated-for-laureus-sport-for-good-;;2026-05-06T15:15:05.312Z;list-horizontal-layout, min-3-columns, max-3-columns;TRUE;tags;3;9;modified;;more;/content/usta-foundation/en/home/news;2;FALSE;TRUE;FALSE;TRUE;TRUE;desc;usta:categories/about-usta/usta-foundation;any;/content/usta-foundation/en/home/news
/content/usta-foundation/en/home/news/usta-foundation--reginald-f--lewis-foundation-announce-inaugural;2026-09-04T00:00:00.000-04:00;2026-09-04T22:20:43.619Z;list-horizontal-layout, min-4-columns, max-4-columns;TRUE;tags;4;9;modified;;more;/content/usta-foundation/en/home/news;2;FALSE;TRUE;FALSE;TRUE;TRUE;asc;usta:categories/about-usta/usta-foundation;any;/content/usta-foundation/en/home/news
/content/usta-foundation/en/home/news/usta-foundation-receives-transformative--2-7-million-gift-from-t;;2026-05-06T15:14:19.067Z;list-horizontal-layout, min-3-columns, max-3-columns;TRUE;static;3;9;modified;/content/usta-foundation/en/home/news/usta-foundation-launches-community-impact-hub-initiative, /content/usta-foundation/en/home/news/usta-foundation-scholarship-recipients-meet-billie-jean-king-at-, /content/usta-foundation/en/home/news/usta-foundation-launches-williams-family-excellence-program-at-2;more;/content/usta-foundation/en/home/news;2;FALSE;TRUE;FALSE;TRUE;TRUE;asc;;any;/content/usta-foundation/en/home/news
/content/usta-foundation/en/home/news/frances-tiafoe-holds-clinic-for-youth-from-houston-tennis-associ;;2026-05-06T15:10:24.670Z;list-horizontal-layout, min-3-columns, max-3-columns;TRUE;children;3;9;modified;;more;/content/usta-foundation/en/home/news;2;FALSE;TRUE;FALSE;TRUE;TRUE;asc;;any;/content/usta-foundation/en/home/news
/content/usta-foundation/en/home/news/usta-foundation-and-yonex-team-up-to-transform-communities-and-e;2026-05-19T00:00:00.000-04:00;2026-05-19T15:12:07.885Z;list-horizontal-layout, min-4-columns, max-4-columns;TRUE;tags;4;9;modified;;more;/content/usta-foundation/en/home/news;2;FALSE;TRUE;FALSE;TRUE;TRUE;asc;usta:categories/about-usta/who-we-are/usta-foundation, usta:categories/about-usta/usta-foundation;any;/content/usta-foundation/en/home/news
/content/usta-foundation/en/home/news/black-history-month-2026--community-impact-hub-leader-john-borde;;2026-05-06T15:14:41.793Z;list-horizontal-layout, min-3-columns, max-3-columns;TRUE;tags;3;9;modified;;more;/content/usta-foundation/en/home/news;2;FALSE;TRUE;FALSE;TRUE;TRUE;asc;usta:categories/about-usta/usta-foundation;any;/content/usta-foundation/en/home/news
/content/usta-foundation/en/home/news/usta-foundation-celebrates-2026-njtl-essay-contest-winners-at-us;2026-08-28T00:00:00.000-04:00;2026-08-28T18:25:52.675Z;list-horizontal-layout, min-4-columns, max-4-columns;TRUE;tags;4;9;modified;;more;/content/usta-foundation/en/home/news;2;FALSE;TRUE;FALSE;TRUE;TRUE;asc;usta:categories/about-usta/usta-foundation;any;/content/usta-foundation/en/home/news
/content/usta-foundation/en/home/news/novo-nordisk-donnelly-scholarship-winners-meet-billie-jean-king;;2026-05-06T15:04:55.524Z;list-horizontal-layout, min-3-columns, max-3-columns;TRUE;children;3;9;modified;;more;/content/usta-foundation/en/home/news;2;FALSE;TRUE;FALSE;TRUE;TRUE;asc;;any;/content/usta-foundation/en/home/news
/content/usta-foundation/en/home/news/usta-foundation-launches-williams-family-excellence-program-at-2;;2026-05-06T15:13:38.889Z;list-horizontal-layout, min-3-columns, max-3-columns;TRUE;tags;3;9;modified;;more;/content/usta-foundation/en/home/news;2;FALSE;TRUE;FALSE;TRUE;TRUE;asc;usta:categories/about-usta/who-we-are/usta-foundation;any;/content/usta/en/home/stay-current/national
/content/usta-foundation/en/home/news/carol-ngounoue-runner-up-wimbledon-event;;2026-05-06T15:04:21.863Z;list-horizontal-layout, min-3-columns, max-3-columns;TRUE;children;3;9;modified;;more;/content/usta-foundation/en/home/news;2;FALSE;TRUE;FALSE;TRUE;TRUE;asc;;any;/content/usta-foundation/en/home/news
/content/usta-foundation/en/home/news/njtl-essay-grant-recipients-2020;;2026-05-06T15:09:29.917Z;list-horizontal-layout, min-3-columns, max-3-columns;TRUE;children;3;9;modified;;more;/content/usta-foundation/en/home/news;2;FALSE;TRUE;FALSE;TRUE;TRUE;asc;;any;/content/usta-foundation/en/home/news
/content/usta-foundation/en/home/news/mackenzie-mcdonald---i-m-making-it-my-mission-to-help-open-the-s;;2026-05-06T15:10:47.994Z;list-horizontal-layout, min-3-columns, max-3-columns;TRUE;children;3;9;modified;;more;/content/usta-foundation/en/home/news;2;FALSE;TRUE;FALSE;TRUE;TRUE;asc;;any;/content/usta-foundation/en/home/news
/content/usta-foundation/en/home/news/usta-foundation-to-celebrate-winners-of-2025-national-junior-ten;;2026-05-06T15:13:02.781Z;list-horizontal-layout, min-3-columns, max-3-columns;TRUE;children;3;9;modified;;more;/content/usta-foundation/en/home/news;2;FALSE;TRUE;FALSE;TRUE;TRUE;desc;;any;/content/usta-foundation/en/home/news
/content/usta-foundation/en/home/news/njtl-essay-contest-winners-2024-open;;2026-05-06T15:04:32.822Z;list-horizontal-layout, min-3-columns, max-3-columns;TRUE;children;3;9;modified;;more;/content/usta-foundation/en/home/news;2;FALSE;TRUE;FALSE;TRUE;TRUE;asc;;any;/content/usta-foundation/en/home/news
/content/usta-foundation/en/home/news/ngounoue-excellence-team-junior-french-open;;2026-05-06T15:07:30.891Z;list-horizontal-layout, min-3-columns, max-3-columns;TRUE;children;3;9;modified;;more;/content/usta-foundation/en/home/news;2;FALSE;TRUE;FALSE;TRUE;TRUE;asc;;any;/content/usta-foundation/en/home/news
/content/usta-foundation/en/home/news/robin-montgomery-investing-in-game;;2026-05-06T15:04:44.067Z;list-horizontal-layout, min-3-columns, max-3-columns;TRUE;children;3;9;modified;;more;/content/usta-foundation/en/home/news;2;FALSE;TRUE;FALSE;TRUE;TRUE;asc;;any;/content/usta-foundation/en/home/news
/content/usta-foundation/en/home/news/fashion-icon-anna-wintour-honored-with-usta-foundation-paver-on-;;2026-05-06T15:11:53.373Z;list-horizontal-layout, min-3-columns, max-3-columns;TRUE;children;3;9;modified;;more;/content/usta-foundation/en/home/news;2;FALSE;TRUE;FALSE;TRUE;TRUE;asc;;any;/content/usta-foundation/en/home/news
/content/usta-foundation/en/home/news/-tennis-has-been-my-vehicle-to-serve---sloane-stephens-shares-he;2026-09-01T00:00:00.000-04:00;2026-09-01T20:13:49.474Z;list-horizontal-layout, min-4-columns, max-4-columns;TRUE;tags;4;9;modified;;more;/content/usta-foundation/en/home/news;2;FALSE;TRUE;FALSE;TRUE;TRUE;asc;usta:categories/about-usta/usta-foundation;any;/content/usta-foundation/en/home/news
/content/usta-foundation/en/home/news/six-student-athletes-awarded-first-grants-frances-tiafoe-fund;;2026-05-06T15:02:39.766Z;list-horizontal-layout, min-3-columns, max-3-columns;TRUE;children;3;9;modified;;more;/content/usta-foundation/en/home/news;1;FALSE;TRUE;FALSE;TRUE;TRUE;asc;;any;/content/usta-foundation/en/home/news
/content/usta-foundation/en/home/news/how-the-usta-foundation-and-realize-the-dream-are-set-to-inspire;;2026-05-06T15:15:18.564Z;list-horizontal-layout, min-3-columns, max-3-columns;TRUE;children;3;9;modified;;more;/content/usta-foundation/en/home/news;2;FALSE;TRUE;FALSE;TRUE;TRUE;desc;;any;/content/usta-foundation/en/home/news
/content/usta-foundation/en/home/news/njtl-student-athletes-white-house-visit;;2026-05-06T15:05:31.863Z;list-horizontal-layout, min-3-columns, max-3-columns;TRUE;children;3;9;modified;;more;/content/usta-foundation/en/home/news;2;FALSE;TRUE;FALSE;TRUE;TRUE;asc;;any;/content/usta-foundation/en/home/news
/content/usta-foundation/en/home/news/clervie-ngounoue-first-junior-grand-slam-australia;;2026-05-06T15:06:45.400Z;list-horizontal-layout, min-3-columns, max-3-columns;TRUE;children;3;9;modified;;more;/content/usta-foundation/en/home/news;2;FALSE;TRUE;FALSE;TRUE;TRUE;asc;;any;/content/usta-foundation/en/home/news
/content/usta-foundation/en/home/news/usta-foundation-and-reginald-f--lewis-foundation-partner-to-empo;2026-04-15T00:00:00.000-04:00;2026-05-06T18:17:19.382Z;list-horizontal-layout, min-4-columns, max-4-columns;TRUE;tags;4;9;modified;;more;/content/usta-foundation/en/home/news;2;FALSE;TRUE;FALSE;TRUE;TRUE;asc;usta:categories/about-usta/usta-foundation;any;/content/usta-foundation/en/home/news
/content/usta-foundation/en/home/news/kathleen-wu-usta-foundation-president;;2026-05-06T15:05:06.828Z;list-horizontal-layout, min-3-columns, max-3-columns;TRUE;children;3;9;modified;;more;/content/usta-foundation/en/home/news;2;FALSE;TRUE;FALSE;TRUE;TRUE;asc;;any;/content/usta-foundation/en/home/news
/content/usta-foundation/en/home/news/chris-evert-usta-foundation-much-more;;2026-05-06T15:02:51.540Z;list-horizontal-layout, min-3-columns, max-3-columns;TRUE;children;3;9;modified;;more;/content/usta-foundation/en/home/news;2;FALSE;TRUE;FALSE;TRUE;TRUE;asc;;any;/content/usta-foundation/en/home/news
/content/usta-foundation/en/home/news/usta-foundation-exceeds-goal-rally-to-rebuild-campaign;;2026-05-06T15:09:18.071Z;list-horizontal-layout, min-3-columns, max-3-columns;TRUE;children;3;9;modified;;more;/content/usta-foundation/en/home/news;2;FALSE;TRUE;FALSE;TRUE;TRUE;asc;;any;/content/usta-foundation/en/home/news
/content/usta-foundation/en/home/news/usta-foundation-pledges-800-000-service-hours-in-support-of-mart;;2026-05-06T15:14:30.134Z;list-horizontal-layout, min-3-columns, max-3-columns;TRUE;children;3;9;modified;;more;/content/usta-foundation/en/home/news;2;FALSE;TRUE;FALSE;TRUE;TRUE;asc;;any;/content/usta-foundation/en/home/news
/content/usta-foundation/en/home/news/leylah-fernandez-partners-with-usta-socal-and-bgcmla-for-youth-c;;2026-05-06T15:11:08.341Z;list-horizontal-layout, min-3-columns, max-3-columns;TRUE;children;3;9;modified;;more;/content/usta-foundation/en/home/news;2;FALSE;TRUE;FALSE;TRUE;TRUE;asc;;any;/content/usta-foundation/en/home/news
/content/usta-foundation/en/home/news/laver-cup-community-legacy-project-celebrates-court-unveiling-at;;2026-05-06T15:13:52.137Z;list-horizontal-layout, min-3-columns, max-3-columns;TRUE;tags;3;9;modified;;more;/content/usta-foundation/en/home/news;2;FALSE;TRUE;FALSE;TRUE;TRUE;asc;usta:categories/about-usta/who-we-are/usta-foundation;any;/content/usta/en/home/stay-current/national
/content/usta-foundation/en/home/news/kimmelman-sport-education-complex-los-angeles;;2026-05-06T15:03:53.352Z;list-horizontal-layout, min-3-columns, max-3-columns;TRUE;children;3;9;modified;;more;/content/usta-foundation/en/home/news;2;FALSE;TRUE;FALSE;TRUE;TRUE;asc;;any;/content/usta-foundation/en/home/news
/content/usta-foundation/en/home/news/usta-foundation-announces-sloane-stephens-as-recipient-of-servin;2026-07-09T00:00:00.000-04:00;2026-07-09T13:34:43.159Z;list-horizontal-layout, min-4-columns, max-4-columns;TRUE;tags;4;9;modified;;more;/content/usta-foundation/en/home/news;2;FALSE;TRUE;FALSE;TRUE;TRUE;asc;usta:categories/about-usta/usta-foundation;any;/content/usta-foundation/en/home/news
/content/usta-foundation/en/home/news/newport-njtl-honor-chris-evert;;2026-05-06T15:03:41.871Z;list-horizontal-layout, min-3-columns, max-3-columns;TRUE;children;3;9;modified;;more;/content/usta-foundation/en/home/news;2;FALSE;TRUE;FALSE;TRUE;TRUE;asc;;any;/content/usta-foundation/en/home/news
/content/usta-foundation/en/home/news/njtl-ace-jabeiro-brown;;2026-05-06T15:07:42.932Z;list-horizontal-layout, min-3-columns, max-3-columns;TRUE;children;3;9;modified;;more;/content/usta-foundation/en/home/news;2;FALSE;TRUE;FALSE;TRUE;TRUE;asc;;any;/content/usta-foundation/en/home/news
/content/usta-foundation/en/home/news/2023-njtl-essay-contest-winners;;2026-05-06T15:01:03.236Z;list-horizontal-layout, min-3-columns, max-3-columns;TRUE;children;3;9;modified;;more;/content/usta-foundation/en/home/news;1;FALSE;TRUE;FALSE;TRUE;TRUE;asc;;any;/content/usta-foundation/en/home/news
/content/usta-foundation/en/home/news/kyrgios-sock-njtl-clinic-laver-cup-boston;;2026-05-06T15:08:33.544Z;list-horizontal-layout, min-3-columns, max-3-columns;TRUE;children;3;9;modified;;more;/content/usta-foundation/en/home/news;2;FALSE;TRUE;FALSE;TRUE;TRUE;asc;;any;/content/usta-foundation/en/home/news
/content/usta-foundation/en/home/news/what-s-the-why--former-atp--wta-pros-open-up-on-their-support-of;;2026-05-06T15:11:42.513Z;list-horizontal-layout, min-3-columns, max-3-columns;TRUE;children;3;9;modified;;more;/content/usta-foundation/en/home/news;2;FALSE;TRUE;FALSE;TRUE;TRUE;asc;;any;/content/usta-foundation/en/home/news
/content/usta-foundation/en/home/news/delray-beach-youth-tennis-foundation-athletes-hit-the-court-with;;2026-05-06T15:10:35.801Z;list-horizontal-layout, min-3-columns, max-3-columns;TRUE;children;3;9;modified;;more;/content/usta-foundation/en/home/news;2;FALSE;TRUE;FALSE;TRUE;TRUE;asc;;any;/content/usta-foundation/en/home/news
/content/usta-foundation/en/home/news/tiafoe-houston-youth-clinic;;2026-05-06T15:06:02.739Z;list-horizontal-layout, min-3-columns, max-3-columns;TRUE;children;3;9;modified;;more;/content/usta-foundation/en/home/news;2;FALSE;TRUE;FALSE;TRUE;TRUE;asc;;any;/content/usta-foundation/en/home/news
/content/usta-foundation/en/home/news/excellence-program-alumna-robin-montgomery-reaches-first-wta-sem;;2026-05-06T15:11:20.256Z;list-horizontal-layout, min-3-columns, max-3-columns;TRUE;children;3;9;modified;;more;/content/usta-foundation/en/home/news;2;FALSE;TRUE;FALSE;TRUE;TRUE;asc;;any;/content/usta-foundation/en/home/news
/content/usta-foundation/en/home/news/usta-foundation--offline-by-aerie---and-the-aerie-real-foundatio;2026-08-20T00:00:00.000-04:00;2026-08-20T18:16:45.868Z;list-horizontal-layout, min-4-columns, max-4-columns;TRUE;tags;4;9;modified;;more;/content/usta-foundation/en/home/news;2;FALSE;TRUE;FALSE;TRUE;TRUE;asc;usta:categories/about-usta/usta-foundation;any;/content/usta-foundation/en/home/news
/content/usta-foundation/en/home/news/james-blake-30th-anniversary-usta-foundation;;2026-05-06T15:06:33.974Z;list-horizontal-layout, min-3-columns, max-3-columns;TRUE;children;3;9;modified;;more;/content/usta-foundation/en/home/news;2;FALSE;TRUE;FALSE;TRUE;TRUE;asc;;any;/content/usta-foundation/en/home/news
/content/usta-foundation/en/home/news/-daymond-john-and-matt-ebert-share-wisdom-with-usta-foundation-s;;2026-05-06T15:14:06.471Z;list-horizontal-layout, min-3-columns, max-3-columns;TRUE;static;3;9;modified;/content/usta-foundation/en/home/news/usta-foundation-launches-community-impact-hub-initiative, /content/usta-foundation/en/home/news/usta-foundation-scholarship-recipients-meet-billie-jean-king-at-, /content/usta-foundation/en/home/news/usta-foundation-launches-williams-family-excellence-program-at-2;more;/content/usta-foundation/en/home/news;2;FALSE;TRUE;FALSE;TRUE;FALSE;desc;;all;/content/usta-foundation/en/home/news
/content/usta-foundation/en/home/news/sloane-stephens-honored-by-sports-business-journal;;2026-05-06T15:09:52.079Z;list-horizontal-layout, min-3-columns, max-3-columns;TRUE;children;3;9;modified;;more;/content/usta-foundation/en/home/news;2;FALSE;TRUE;FALSE;TRUE;TRUE;asc;;any;/content/usta-foundation/en/home/news
/content/usta-foundation/en/home/news/chris-evert-honored-espn-sports-humanitarian-awards;;2026-05-06T15:06:55.752Z;list-horizontal-layout, min-3-columns, max-3-columns;TRUE;children;3;9;modified;;more;/content/usta-foundation/en/home/news;2;FALSE;TRUE;FALSE;TRUE;TRUE;asc;;any;/content/usta-foundation/en/home/news